log_name,cover_str,validity,validity_nc,interval_diversity,sim/Frag,dist/FCD,sas/mae,bace_b/acc
epoch2498_batch-1,"Cover 8 (100.00%) atoms: {'C', 'S', 'N', 'Br', 'Cl', 'I', 'F', 'O'}",0.755859375,0.724609375,0.8244883692388965,0.8718019618690799,9.10789570042698,0.78697675,0.9069767441860465
epoch4998_batch-1,"Cover 8 (100.00%) atoms: {'C', 'N', 'S', 'Br', 'Cl', 'I', 'F', 'O'}",0.73046875,0.724609375,0.8213932936838382,0.8761173452665036,8.26287959664112,0.43872988,0.9037433155080213
epoch7498_batch-1,"Cover 8 (100.00%) atoms: {'C', 'Br', 'S', 'N', 'Cl', 'I', 'F', 'O'}",0.783203125,0.787109375,0.8263445734675994,0.8810351964104164,8.36764744543342,0.42189255,0.8952618453865336
epoch9998_batch-1,"Cover 7 (87.50%) atoms: {'C', 'S', 'N', 'Br', 'Cl', 'F', 'O'}",0.716796875,0.72265625,0.8192403855488167,0.8654873404932258,8.004938032919874,0.40099216,0.8801089918256131
test,"Cover 8 (100.00%) atoms: {'C', 'N', 'S', 'Br', 'Cl', 'I', 'F', 'O'}",0.7278,0.73,0.8271121521760489,0.8744995417689323,6.345596273182373,0.409933,0.9017587249244298
